{"loss": [NaN, NaN, NaN, NaN, NaN, NaN, NaN, NaN, NaN, NaN, NaN, NaN, NaN, NaN, NaN, NaN, NaN, NaN, 0.0005899520630542034], "mean_absolute_error": [NaN, NaN, NaN, NaN, NaN, NaN, NaN, NaN, NaN, NaN, NaN, NaN, NaN, NaN, NaN, NaN, NaN, NaN, 0.03896075227047976], "mean_q": [NaN, NaN, NaN, NaN, NaN, NaN, NaN, NaN, NaN, NaN, NaN, NaN, NaN, NaN, NaN, NaN, NaN, NaN, -0.040289676716982775], "mean_eps": [NaN, NaN, NaN, NaN, NaN, NaN, NaN, NaN, NaN, NaN, NaN, NaN, NaN, NaN, NaN, NaN, NaN, NaN, 0.9541125999999998], "episode_reward": [0.0, 0.0, 0.0, 0.0, 0.0, 0.0, 0.0, 0.0, 0.0, 0.0, 0.0, 0.0, 0.0, 0.0, 0.0, 0.0, 0.0, 0.0, 0.0], "nb_episode_steps": [2741, 2719, 2761, 2721, 2742, 2724, 2738, 2738, 2736, 2732, 2762, 2714, 2723, 2731, 2733, 2747, 2722, 2737, 2749], "nb_steps": [2741, 5460, 8221, 10942, 13684, 16408, 19146, 21884, 24620, 27352, 30114, 32828, 35551, 38282, 41015, 43762, 46484, 49221, 51970], "episode": [0, 1, 2, 3, 4, 5, 6, 7, 8, 9, 10, 11, 12, 13, 14, 15, 16, 17, 18], "duration": [12.867913439000404, 13.298324769999454, 16.664408434000507, 15.019977044999905, 14.282406231001005, 13.706116576000568, 13.163391048999983, 13.211280350999004, 13.343770794999728, 13.343344278999211, 13.731132302998958, 12.848768415999075, 15.174013183999705, 14.363259674999426, 13.220695137999428, 13.290722191000896, 13.002092104999974, 13.167229028000293, 135.40306856100142]}